,mcc_code,currency_rk,transaction_amt,cat_id
0,1,1,0.376901581692889,1
1,1,1,0.37077225383120055,1
2,2,1,0.37362509370179314,1
3,1,1,0.3766368709328835,1
4,3,1,0.37597672039908026,1
5,1,1,0.3715840583604386,1
6,2,1,0.3767983462170071,1
7,4,1,0.37314338328162555,1
8,1,1,0.37607319378148507,1
9,2,1,0.37510900538564956,1
10,5,1,0.37398765727284955,1
11,1,1,0.37683405215542537,1
12,2,1,0.3764880553695113,1
13,6,1,0.37683095237708086,1
14,7,1,0.3748108725968165,1
15,8,1,0.38012983168548264,1
16,8,1,0.378202344767102,1
17,1,1,0.3757665890078748,1
18,2,1,0.3769171520882268,1
19,2,1,0.37451942204249444,1
20,2,1,0.37482830038097525,1
21,3,1,0.37226654342926513,1
22,1,1,0.3747732491906255,1
23,6,1,0.3769463074599596,1
24,4,1,0.36416105412623867,1
25,1,1,0.3768046374551995,1
26,6,1,0.37484050351306153,1
27,3,1,0.3749551750770815,1
28,2,1,0.37457213214309704,1
29,6,1,0.37670421585687963,1
30,6,1,0.3746204187958875,1
31,2,1,0.3769153008948701,1
32,7,1,0.3773361290773399,1
33,9,1,0.3729735852722586,1
34,6,1,0.3749008014090631,1
35,1,1,0.3737650732258133,1
36,10,1,0.3765562175264001,1
37,11,1,0.3681517388689756,1
38,12,1,0.5494039898800827,1
39,4,1,0.35228018258130067,1
40,1,1,0.37599656509637475,1
41,4,1,0.3725066355173001,1
42,12,1,0.7723835771817144,1
43,4,1,0.36865064812531956,1
44,4,1,0.3723310712927084,1
45,1,1,0.3649557350742976,1
46,6,1,0.3742153425173859,1
47,1,1,0.3682701906893059,1
48,12,1,0.3937397966046313,1
49,12,1,0.38532558674852607,1
50,8,1,0.39803688150014016,1
51,12,1,0.4073380663060858,1
52,13,1,0.3772635060369723,1
53,6,1,0.37677147188448934,1
54,1,1,0.37668242828472503,1
55,1,1,0.3765716506552589,1
56,1,1,0.3748804898352225,1
57,14,1,0.37600445561693624,1
58,1,1,0.3629690713547531,1
59,1,1,0.37274623242290633,1
60,6,1,0.3769687607603278,1
61,15,1,0.35197762930028975,1
62,10,1,0.37599939238796953,1
63,1,1,0.37561514673816854,1
64,16,1,0.3261491338947387,1
65,17,1,0.3213083032247866,1
66,8,1,0.3734256859203344,1
67,8,1,0.7447775960283958,1
68,12,1,0.3797004760077284,1
69,1,1,0.3759651870592049,1
70,1,1,0.3769073585938686,1
71,6,1,0.376544985377031,1
72,1,1,0.375812815583536,1
73,4,1,0.373596238525882,1
74,10,1,0.3741345000071445,1
75,1,1,0.37675714120723636,1
76,1,1,0.37293566357435654,1
77,1,1,0.3755037139809849,1
78,13,1,0.3772455811520643,1
79,1,1,0.37158686985075756,1
80,18,1,0.35882684169085594,1
81,1,1,0.3747164935086922,1
82,13,1,0.3758193097942323,1
83,19,1,0.3768517562345551,1
84,1,1,0.37717654367270026,1
85,19,1,0.37651866306606385,1
86,6,1,0.3763219422404082,1
87,4,1,0.37594477715368363,1
88,13,1,0.37724471657218317,1
89,4,1,0.37715498291706107,1
90,20,1,0.3759477389266405,1
91,5,1,0.3676616374029403,1
92,7,1,0.3748581318256419,1
93,13,1,0.37724726771090483,1
94,7,1,0.3765650761308835,1
95,10,1,0.3764558077506176,1
96,21,1,0.37462716400814544,1
97,13,1,0.37722463791085376,1
98,22,1,0.3739728779644085,1
99,13,1,0.3771918435564478,1
100,19,1,0.3762883299710401,1
101,23,1,0.37156364265732694,1
102,1,1,0.37520282290325085,1
103,19,1,0.3763124141847487,1
104,13,1,0.3771953728538257,1
105,21,1,0.3734492737011535,1
106,1,1,0.3761500216308781,1
107,13,1,0.37721226423298265,1
108,15,1,0.3761581188184863,1
109,12,1,0.4353765995420102,1
110,1,1,0.373325749557597,1
111,1,1,0.375045554737242,1
112,1,1,0.3757049934747233,1
113,8,1,0.47400318622109977,1
114,12,1,0.3774427708258731,1
115,12,1,0.9694385154722893,1
116,1,1,0.37704736099563524,1
117,1,1,0.3757372209157288,1
118,21,1,0.3738599386294634,1
119,24,1,0.3433349452726381,1
120,2,1,0.37377190369675395,1
121,8,1,0.8315644780378144,1
122,8,1,0.37807267472298745,1
123,25,1,0.40161526525728636,1
124,25,1,0.35698603443316546,1
125,1,1,0.3765401454689737,1
126,20,1,0.37408603010502545,1
127,1,1,0.3757246567415411,1
128,1,1,0.3742763563589653,1
129,6,1,0.3763444832719609,1
130,5,1,0.3735334465292174,1
131,1,1,0.3724291001345194,1
132,7,1,0.3759560967784612,1
133,1,1,0.37509821732033877,1
134,26,1,0.3761364147998407,1
135,1,1,0.3757232783928383,1
136,11,1,0.3762271260594376,1
137,2,1,0.3765056109280158,1
138,4,1,0.3755706344304197,1
139,1,1,0.37706845356742846,1
140,1,1,0.37461236264612513,1
141,1,1,0.3749699402894204,1
142,1,1,0.3726275655233393,1
143,21,1,0.3745838419116064,1
144,2,1,0.37556627441506746,1
145,11,1,0.3691630359836421,1
146,2,1,0.3752155125782194,1
147,1,1,0.37485175674974486,1
148,21,1,0.37495545176992623,1
149,7,1,0.3728138423308881,1
150,7,1,0.3744711356170605,1
151,25,1,0.3404194966547094,1
152,1,1,0.37373962294065227,1
153,1,1,0.36998863968750556,1
154,8,1,0.3735643633737532,1
155,25,1,0.37682056741482156,1
156,1,1,0.37239358523238936,1
157,1,1,0.37599214585465757,1
158,1,1,0.37672723155193816,1
159,7,1,0.3770047899712512,1
160,2,1,0.37511894086413394,1
161,7,1,0.3756338703406253,1
162,27,1,0.37325940056869245,1
163,6,1,0.37608949899298905,1
164,10,1,0.37265622335381976,1
165,2,1,0.37250326473002304,1
166,28,1,0.047298035849483555,1
167,6,1,0.3750903728394659,1
168,7,1,0.373366096694503,1
169,1,1,0.3731768310585753,1
170,1,1,0.37056206230420424,1
171,3,1,0.3745074653648402,1
172,1,1,0.3661352186955509,1
173,22,1,0.3973692027951767,1
174,29,1,0.37297742577803794,1
175,28,1,0.3756253597052453,1
176,1,1,0.374246430334,1
177,4,1,0.3705285867897631,1
178,1,1,0.3750273262035358,1
179,30,1,0.37464021404314596,1
180,22,1,0.5057311586732637,1
181,9,1,0.3722140359032925,1
182,8,1,0.37389389909529147,1
183,8,1,0.8114033050605174,1
184,22,1,0.33800839384144316,1
185,8,1,0.3737357842537248,1
186,12,1,0.37867072539011176,1
187,8,1,0.3781853285550239,1
188,8,1,0.5029703597566825,1
189,8,1,0.3765988825058525,1
190,1,1,0.37710666829942274,1
191,1,1,0.3769993060475247,1
192,12,1,0.39372790676978425,1
193,8,1,0.3977891647849553,1
194,26,1,0.3755604478366954,1
195,8,1,0.3790849819825259,1
196,1,1,0.37044000324585036,1
197,1,1,0.3763941839684226,1
198,21,1,0.3743957855848334,1
199,2,1,0.3734949614419404,1
200,1,1,0.37315185867675005,1
201,1,1,0.3722571645194611,1
202,6,1,0.376959772420549,1
203,6,1,0.376924510310413,1
204,6,1,0.37657166946900816,1
205,6,1,0.3755049795608701,1
206,1,1,0.3758073183310355,1
207,7,1,0.3767994517947645,1
208,1,1,0.3750584747243319,1
209,4,1,0.3687567153830869,1
210,1,1,0.3662412232029278,1
211,31,1,0.3741467731650287,1
212,1,1,0.37066459144032005,1
213,1,1,0.37331264927681285,1
214,25,1,0.33490925937049215,1
215,2,1,0.374230736143055,1
216,2,1,0.3759352047635091,1
217,1,1,0.37707917874025104,1
218,6,1,0.37613847896938674,1
219,1,1,0.3720390791752342,1
220,11,1,0.3687574565652347,1
221,1,1,0.37603273467150927,1
222,25,1,0.3125182539976328,1
223,25,1,0.3296391687398668,1
224,12,1,0.3946542753234239,1
225,1,1,0.3761045153205679,1
226,6,1,0.3744245150326072,1
227,2,1,0.369065009870109,1
228,10,1,0.3753604878063296,1
229,2,1,0.37481029533869586,1
230,2,1,0.37566224272503623,1
231,32,1,0.3494697635661324,1
232,8,1,0.3773920972319264,1
233,8,1,0.3780426338261571,1
234,28,1,0.3739162075411579,1
235,2,1,0.37555412164244306,1
236,2,1,0.3766796988132588,1
237,32,1,0.37600159888267637,1
238,1,1,0.37305619206883955,1
239,1,1,0.375057006683495,1
240,1,1,0.37240323787940377,1
241,1,1,0.3737374464570017,1
242,2,1,0.3707466471247764,1
243,1,1,0.37690952979148085,1
244,8,1,0.3773882508669162,1
245,21,1,0.3676971413919589,1
246,26,1,0.37521540617538346,1
247,2,1,0.37013099531417193,1
248,6,1,0.37619571551029013,1
249,1,1,0.37464948359447975,1
250,2,1,0.3762626652887118,1
251,26,1,0.3748553448898236,1
252,29,1,0.36903978694143497,1
253,33,1,0.3735635257924549,1
254,1,1,0.3758049221073402,1
255,1,1,0.37381446574055677,1
256,1,1,0.3764923750290871,1
257,5,1,0.37421621488422674,1
258,2,1,0.3771055696560382,1
259,22,1,0.37229990026362003,1
260,1,1,0.37690937882677344,1
261,1,1,0.36282083128748877,1
262,2,1,0.3709263501468585,1
263,6,1,0.37326088702540483,1
264,16,1,0.31717263415967994,1
265,12,1,0.38121524792435535,1
266,8,1,0.7566376453568233,1
267,8,1,0.43422452783768833,1
268,1,1,0.3721261926321016,1
269,22,1,0.37189909078431105,1
270,2,1,0.376105386436948,1
271,1,1,0.36907869309292596,1
272,1,1,0.3715258319093906,1
273,6,1,0.37333614566032414,1
274,28,1,0.37047421448588364,1
275,2,1,0.376187106315873,1
276,17,1,0.32427577828236126,1
277,12,1,0.42574329783632875,1
278,24,1,0.3214650373304074,1
279,2,1,0.37495047584585056,1
280,2,1,0.3740985351665265,1
281,1,1,0.36714876027345755,1
282,11,1,0.36195005594206403,1
283,31,1,0.3747152014417763,1
284,1,1,0.3704367875156974,1
285,1,1,0.37319381595229734,1
286,29,1,0.36979578636621213,1
287,12,1,0.6956164738043421,1
288,12,1,0.4442563145299552,1
289,8,1,0.38075196338332473,1
290,2,1,0.3735399293720893,1
291,1,1,0.3675469151384237,1
292,1,1,0.3761869193151624,1
293,6,1,0.37415754372389004,1
294,1,1,0.37685754961887996,1
295,4,1,0.3672599385050539,1
296,21,1,0.37267480474479386,1
297,1,1,0.37702403717569766,1
298,1,1,0.37658181371758676,1
299,5,1,0.37352864612434966,1
300,12,2,0.377390271380603,1
301,25,1,0.35241086345235667,1
302,1,1,0.374412881883234,1
303,25,1,0.3180273745067856,1
304,4,1,0.36886170224282777,1
305,1,1,0.372751647599715,1
306,6,1,0.37664134894625256,1
307,21,1,0.37309231946934573,1
308,1,1,0.3766030587603241,1
309,6,1,0.3765714899142225,1
310,5,1,0.3732670547521857,1
311,4,1,0.3698785100240275,1
312,7,1,0.3744753001058339,1
313,2,1,0.37505940938685023,1
314,8,1,0.43756671912526557,1
315,12,1,0.6272257217902765,1
316,34,1,0.37658177609008814,1
317,7,1,0.3755099019424931,1
318,6,1,0.3760096050140116,1
319,1,1,0.3736428452415895,1
320,10,1,0.3761317088615934,1
321,35,1,0.3773585314569599,1
322,1,1,0.3723408958212271,1
323,21,1,0.3707581736439572,1
324,25,1,0.3720042290634723,1
325,1,1,0.37541598325125514,1
326,28,1,0.37471243360390283,1
327,2,1,0.37481875618300514,1
328,2,1,0.37494915672351264,1
329,10,1,0.3756004953177514,1
330,6,1,0.37389662669106666,1
331,1,1,0.3765651428600125,1
332,2,1,0.3734658675417178,1
333,1,1,0.3755506655964833,1
334,35,1,0.3762789906212648,1
335,6,1,0.3767016866296394,1
336,1,1,0.3768530944548379,1
337,21,1,0.37401383418934325,1
338,36,1,0.3760313371111833,1
339,21,1,0.3762934285539406,1
340,1,1,0.37374204678816075,1
341,37,1,0.36609789403578386,1
342,8,1,0.3742137619350879,1
343,12,1,0.39086866067545584,1
344,11,1,0.3632323219745596,1
345,7,1,0.3635518578757277,1
346,21,1,0.37577587674772756,1
347,37,1,0.36169990560304166,1
348,16,1,0.3853554795794442,1
349,1,1,0.376401721063325,1
350,16,1,0.12094832551547136,1
351,1,1,0.37612935072010967,1
352,9,1,0.37210066277217013,1
353,6,1,0.3760526689472596,1
354,7,1,0.3741632251351451,1
355,16,1,0.318019778981266,1
356,1,1,0.3731355158377475,1
357,1,1,0.3720281487847625,1
358,1,1,0.37631871980323894,1
359,1,1,0.37349269333362556,1
360,3,1,0.37364533866018307,1
361,8,1,0.44299790183065557,1
362,12,1,0.3816769575670001,1
363,10,1,0.3748194894076759,1
364,1,1,0.3770488316510718,1
365,16,1,0.05402403375602871,1
366,1,1,0.37595329449607995,1
367,2,1,0.37618642276859465,1
368,1,1,0.3759363579156115,1
369,17,1,0.3357642325306405,1
370,16,1,0.6965756926420835,1
371,12,1,0.3774272415714021,1
372,7,1,0.3763159328674206,1
373,29,1,0.3718647094816255,1
374,17,1,0.37131732191097255,1
375,3,1,0.3740151239826943,1
376,7,1,0.3333503141346386,1
377,7,1,0.3738764272039742,1
378,6,1,0.3757712628888575,1
379,17,1,0.36931063126790914,1
380,1,1,0.37676305105492175,1
381,1,1,0.3767534506998993,1
382,10,1,0.37567152023384703,1
383,1,1,0.3770468269920863,1
384,1,1,0.3747956147029701,1
385,1,1,0.37203954389189375,1
386,17,1,0.36530822038699584,1
387,7,1,0.3754455377757205,1
388,38,1,0.3756385259194107,1
389,7,1,0.374817766500217,1
390,7,1,0.3767668928680009,1
391,7,1,0.37660092894159247,1
392,2,1,0.37637671582848736,1
393,1,1,0.37244658157480914,1
394,6,1,0.37454036271173474,1
395,1,1,0.3764885532802179,1
396,1,1,0.3759235107962756,1
397,2,1,0.37380802086621817,1
398,1,1,0.3757421734220863,1
399,1,1,0.37367275057711447,1
400,1,1,0.3771075025556324,1
401,21,1,0.3766601547380794,1
402,39,1,0.3694498134527292,1
403,30,1,0.3763596144145657,1
404,40,1,0.37276141983624167,1
405,17,1,0.37153180274545367,1
406,7,1,0.33710674166622434,1
407,33,1,0.33984711487600844,1
408,7,1,0.3217339473078897,1
409,2,1,0.37457291174849117,1
410,1,1,0.37604043932814263,1
411,1,1,0.37407435375791975,1
412,1,1,0.37494925948864477,1
413,1,1,0.3734655674311549,1
414,1,1,0.3754242617556618,1
415,8,1,0.3790835714628802,1
416,8,1,0.38085520073489765,1
417,8,1,0.3778036886663406,1
418,2,1,0.37691076553082714,1
419,1,1,0.3731669051290634,1
420,27,1,0.37659147807346033,1
421,1,1,0.37419417153602424,1
422,1,1,0.37450386017302495,1
423,1,1,0.3747805609752492,1
424,10,1,0.3754563524417403,1
425,10,1,0.3750085349625241,1
426,2,1,0.3764960441080752,1
427,24,1,0.36410760534440967,1
428,24,1,0.37497831905803786,1
429,26,1,0.3740341064305116,1
430,1,1,0.3734505355296567,1
431,7,1,0.3746698485970948,1
432,7,1,0.3664182065867117,1
433,5,1,0.3738901690847648,1
434,33,1,0.34146515097227387,1
435,2,1,0.3758564133498156,1
436,6,1,0.37602290889252993,1
437,1,1,0.37604638208567953,1
438,17,1,0.35535590660949246,1
439,40,1,0.36755133676738394,1
440,3,1,0.3748617374721701,1
441,1,1,0.3764026281020301,1
442,1,1,0.37418821161307253,1
443,21,1,0.37663781252977463,1
444,8,1,0.3808300230501646,1
445,12,1,0.4630725483855347,1
446,6,1,0.3766094735099281,1
447,1,1,0.3742959003773056,1
448,41,1,0.3762264212543277,1
449,1,1,0.3700427086978313,1
450,1,1,0.37505492614428193,1
451,10,1,0.3759551091418814,1
452,1,1,0.37422837868364073,1
453,41,1,0.37702761789827094,1
454,41,1,0.37353674047000185,1
455,11,1,0.3604736920388649,1
456,1,1,0.3694756875303821,1
457,1,1,0.37357002500499387,1
458,22,1,0.3381676961659417,1
459,21,1,0.3768029680901933,1
460,25,1,0.40276881568820005,1
461,25,1,0.35495446598857544,1
462,21,1,0.376292213219839,1
463,1,1,0.37418305766886745,1
464,1,1,0.3710981889080533,1
465,1,1,0.3758613046972782,1
466,1,1,0.3768359347239773,1
467,1,1,0.37382368209047256,1
468,2,1,0.3745806805196539,1
469,1,1,0.3737791816052611,1
470,13,1,0.3746897343322352,1
471,2,1,0.37665104689404705,1
472,2,1,0.3767717276605373,1
473,21,1,0.377045874141049,1
474,13,1,0.37509787560353874,1
475,1,1,0.3739621797049101,1
476,1,1,0.37665834378682084,1
477,16,1,0.41139412422368493,1
478,1,1,0.3699110797502242,1
479,30,1,0.37556237354614075,1
480,1,1,0.37580422525970736,1
481,9,1,0.3730281253652255,1
482,1,1,0.37534773492625767,1
483,21,1,0.3768174622367605,1
484,16,1,0.31827413814357675,1
485,34,1,0.3717939179469638,1
486,12,2,0.3773845854073423,1
487,8,1,0.3739084819677277,1
488,8,1,0.5591767393229611,1
489,7,1,0.37709657142625214,1
490,1,1,0.3747403643483377,1
491,1,1,0.3751248591808485,1
492,1,1,0.3753423036071384,1
493,42,1,0.3759617804632811,1
494,1,1,0.37616278133164466,1
495,1,1,0.3763395699845974,1
496,34,1,0.38286553590244854,1
497,1,1,0.37428332210701565,1
498,7,1,0.36164173326283755,1
499,1,1,0.3764872531989858,1
500,1,1,0.37509402327522207,1
501,1,1,0.37545439080997,1
502,1,1,0.3760638270352531,1
503,4,1,0.3756141394352526,1
504,7,1,0.3758532563913146,1
505,1,1,0.36859149724279516,1
506,24,1,0.36379047578430057,1
507,2,1,0.37630204877514734,1
508,1,1,0.3758952483387262,1
509,16,1,0.5867780351137943,1
510,7,1,0.37643096467779436,1
511,1,1,0.3747413810865478,1
512,4,1,0.36588911803027596,1
513,17,1,0.3313650263765537,1
514,12,1,0.7188335507807153,1
515,8,1,0.3934088183061827,1
516,1,1,0.37055657300918077,1
517,1,1,0.3764387954604389,1
518,1,1,0.37602813274885477,1
519,2,1,0.37445866397696304,1
520,6,1,0.37511991713288934,1
521,1,1,0.3723264218525481,1
522,10,1,0.3720459316997541,1
523,1,1,0.37698763399177265,1
524,7,1,0.36928375045573153,1
525,1,1,0.37628629842715,1
526,21,1,0.37606035530169574,1
527,1,1,0.37048001753285925,1
528,1,1,0.3746083145638731,1
529,1,1,0.3747811032204708,1
530,2,1,0.37580239333481286,1
531,20,1,0.37586044096998383,1
532,28,1,0.3748431071995513,1
533,21,1,0.37697677609960073,1
534,1,1,0.37374872333875964,1
535,12,1,0.43218010920444994,1
536,8,1,0.37968235455892757,1
537,7,1,0.3730649093712663,1
538,1,1,0.37578984575764873,1
539,1,1,0.37343571143198767,1
540,21,1,0.36430675052912587,1
541,1,1,0.37711185660287694,1
542,1,1,0.3603746882924374,1
543,1,1,0.37672436066473697,1
544,1,1,0.37397846229444354,1
545,7,1,0.3747635390224198,1
546,1,1,0.3768921256523967,1
547,7,1,0.37223137456370836,1
548,1,1,0.36864129104173826,1
549,1,1,0.3728382531421903,1
550,1,1,0.3738152751296507,1
551,7,1,0.376281735950846,1
552,21,1,0.3765384559260792,1
553,11,1,0.3622012439360933,1
554,1,1,0.3764224988316423,1
555,8,1,0.39070842073280465,1
556,10,1,0.3743069305772751,1
557,1,1,0.36890326573693943,1
558,6,1,0.37664104656212477,1
559,1,1,0.3746440979740144,1
560,1,1,0.3746655040419837,1
561,1,1,0.3751721225020907,1
562,1,1,0.37668981384652883,1
563,21,1,0.376334997049895,1
564,30,1,0.34861921021609243,1
565,1,1,0.37651806733522863,1
566,21,1,0.3765398446763413,1
567,22,1,0.3694588886142665,1
568,35,1,0.37199942274733594,1
569,1,1,0.37212923784488927,1
570,1,1,0.3724379461207178,1
571,33,1,0.3497206287139501,1
572,1,1,0.3709964664327536,1
573,33,1,0.3689880087750728,1
574,7,1,0.37248551546379155,1
575,22,1,0.33696256855180046,1
576,1,1,0.37238442185653503,1
577,1,1,0.3725719591284481,1
578,1,1,0.36916663912924896,1
579,43,1,0.3756998059954364,1
580,1,1,0.37250407366440397,1
581,9,1,0.37223396551823484,1
582,24,1,0.3615925478698538,1
583,1,1,0.3731661948673979,1
584,7,1,0.36352272168719846,1
585,3,1,0.37416193852478485,1
586,24,1,0.36973823152622687,1
587,1,1,0.3754008376715134,1
588,5,1,0.37332863789440857,1
589,8,1,0.43889428093596433,1
590,1,1,0.37720730588640533,1
591,1,1,0.3764508226754433,1
592,24,1,0.369569151053933,1
593,6,1,0.37651268296522394,1
594,1,1,0.3770388659625942,1
595,28,1,0.35210099656787014,1
596,7,1,0.3728935271418975,1
597,44,1,0.30154710669262996,1
598,1,1,0.3743733209450603,1
599,16,1,0.3751936772612025,1
600,45,1,0.2199841419395934,1
601,1,1,0.3734534579699413,1
602,45,1,0.26589211658951245,1
603,42,1,0.3733590613753675,1
604,1,1,0.3722766366931515,1
605,33,1,0.3633441231629305,1
606,28,1,0.3521550964986781,1
607,8,1,0.7450517624878588,1
608,7,1,0.37519473014909405,1
609,1,1,0.3715199720232932,1
610,8,1,0.6353219117582694,1
611,11,1,0.36093875064256403,1
612,1,1,0.3750951307286705,1
613,41,1,0.37231140541129104,1
614,22,1,0.3711138037515843,1
615,41,1,0.3762953507393604,1
616,2,1,0.3757980748120195,1
617,8,1,0.8021409545614129,1
618,8,1,0.37456716463121137,1
619,12,1,0.3921919090788822,1
620,1,1,0.36435260651371315,1
621,3,1,0.37379401184155525,1
622,1,1,0.3720452782772103,1
623,1,1,0.3726324063976617,1
624,1,1,0.37540667504931857,1
625,4,1,0.3642592766757767,1
626,1,1,0.37460105052411163,1
627,1,1,0.37521619623917596,1
628,46,1,0.3758919874783106,1
629,17,1,0.327139673362137,1
630,1,1,0.372777362073114,1
631,32,1,0.37050414778625645,1
632,47,1,0.3509177424666356,1
633,1,1,0.37463029743525006,1
634,29,1,0.35523208462893796,1
635,21,1,0.37518632409769814,1
636,1,1,0.36183296189467445,1
637,1,1,0.3717654979313688,1
638,1,1,0.3700543625366448,1
639,1,1,0.3762069720436425,1
640,20,1,0.3755861826585,1
641,3,1,0.37434159721235194,1
642,24,1,0.33825896979180925,1
643,21,1,0.37261955666372626,1
644,25,1,0.37676908378878843,1
645,1,1,0.37457358245012795,1
646,48,1,0.3750076901058182,1
647,1,1,0.37353925184975784,1
648,49,1,0.3695539681877274,1
0,50,3,0.37738837080226445,2
649,11,1,0.3603353046923236,1
650,2,1,0.36232699571850996,1
651,1,1,0.3518260516397954,1
652,51,1,0.37619856644695954,1
653,6,1,0.37398948794728337,1
654,52,1,0.08696635176374506,1
655,28,1,0.3732093589511784,1
656,3,1,0.37150227277548886,1
657,10,1,0.37718044304959997,1
658,30,1,0.37088059874625523,1
659,28,1,0.32399960381040455,1
660,12,1,0.7741797298064952,1
661,8,1,0.7782211314155126,1
662,10,1,0.376614920971358,1
1,50,3,0.37738837080226445,2
2,50,3,0.37738837080226445,2
3,50,3,0.37738837080226445,2
4,50,3,0.37738837080226445,2
5,50,3,0.37738837080226445,2
6,50,3,0.37738837080226445,2
7,50,3,0.37738837080226445,2
8,50,3,0.37738837080226445,2
9,50,3,0.37738837080226445,2
10,50,3,0.37738837080226445,2
11,50,3,0.37738837080226445,3
12,50,3,0.37738837080226445,2
13,50,3,0.37738837080226445,2
14,50,3,0.37738837080226445,2
15,50,3,0.37738837080226445,4
16,50,3,0.37738837080226445,2
17,50,3,0.37738837080226445,2
18,50,3,0.37738837080226445,2
19,50,3,0.37738837080226445,2
20,50,3,0.37738837080226445,2
21,50,3,0.37738837080226445,2
22,50,3,0.37738837080226445,3
23,50,3,0.37738837080226445,2
24,50,3,0.37738837080226445,2
25,50,3,0.37738837080226445,2
26,50,3,0.37738837080226445,2
27,50,3,0.37738837080226445,2
28,50,3,0.37738837080226445,2
29,50,3,0.37738837080226445,2
30,50,3,0.37738837080226445,2
31,50,3,0.37738837080226445,2
32,50,3,0.37738837080226445,2
33,50,3,0.37738837080226445,2
34,50,3,0.37738837080226445,2
35,50,3,0.37738837080226445,5
36,50,3,0.37738837080226445,3
37,50,3,0.37738837080226445,5
38,50,3,0.37738837080226445,5
39,50,3,0.37738837080226445,3
663,1,1,0.37497374441816184,1
664,1,1,0.3671616040961243,1
665,8,1,0.37969995240573867,1
666,48,1,0.37654395863513546,1
667,48,1,0.37542628363690117,1
40,50,3,0.37738837080226445,3
41,50,3,0.37738837080226445,5
42,50,3,0.37738837080226445,3
43,50,3,0.37738837080226445,3
44,50,3,0.37738837080226445,6
45,50,3,0.37738837080226445,6
668,10,1,0.3724257957353365,1
669,2,1,0.3770288451685881,1
670,1,1,0.37490988179979967,1
671,1,1,0.3749664028498383,1
672,1,1,0.37153206420541374,1
46,50,3,0.37738837080226445,3
47,50,3,0.37738837080226445,7
673,1,1,0.3768909155474944,1
674,1,1,0.3718140035284563,1
48,50,3,0.37738837080226445,3
49,50,3,0.37738837080226445,3
675,4,1,0.3758381642403474,1
676,6,1,0.3734186656067271,1
677,49,1,0.36369962776977677,1
678,1,1,0.3544187631772182,1
679,4,1,0.32438097340064426,1
680,1,1,0.37687196868096734,1
681,7,1,0.37575648949168505,1
50,50,3,0.37738837080226445,3
682,24,1,0.3519710305056094,1
683,1,1,0.3741330728904752,1
684,1,1,0.37532062084632434,1
685,8,1,0.3777028923845301,1
686,1,1,0.37627954537109326,1
687,24,1,0.3619184552092151,1
51,50,3,0.37738837080226445,2
52,50,3,0.37738837080226445,3
53,50,3,0.37738837080226445,3
688,1,1,0.37453320871251305,1
689,1,1,0.3759280624731465,1
690,1,1,0.36987190804635633,1
691,1,1,0.3732852896518735,1
692,10,1,0.37378353298106687,1
693,1,1,0.37005529560766764,1
54,50,3,0.37738837080226445,5
694,1,1,0.3754964270918965,1
55,50,3,0.37738837080226445,5
695,6,1,0.3759069371904387,1
696,6,1,0.3763360194720173,1
56,50,3,0.37738837080226445,3
697,5,1,0.3733910622556336,1
698,11,1,0.36199832281484007,1
699,2,1,0.3770391155715974,1
700,2,1,0.3747910823514007,1
701,2,1,0.3741584456470742,1
57,50,3,0.37738837080226445,8
58,50,3,0.37738837080226445,2
59,50,3,0.37738837080226445,3
60,50,3,0.37738837080226445,3
61,50,3,0.37738837080226445,5
62,50,3,0.37738837080226445,3
702,1,1,0.37665740042791696,1
703,7,1,0.3768471863123261,1
704,24,1,0.3716360716134084,1
63,50,3,0.37738837080226445,9
64,50,3,0.37738837080226445,10
65,50,3,0.37738837080226445,3
66,50,3,0.37738837080226445,3
705,1,1,0.376493599400609,1
706,4,1,0.3596122437659652,1
67,50,3,0.37738837080226445,11
68,50,3,0.37738837080226445,11
69,50,3,0.37738837080226445,12
707,2,1,0.37411500668930076,1
70,50,3,0.37738837080226445,8
708,1,1,0.36864716229566,1
709,1,1,0.3764341253876774,1
710,1,1,0.37680674163948724,1
711,24,1,0.40184528090581506,1
712,6,1,0.37664513454544024,1
713,40,1,0.374538232836164,1
71,50,3,0.37738837080226445,12
72,50,3,0.37738837080226445,12
73,50,3,0.37738837080226445,12
74,50,3,0.37738837080226445,13
75,50,3,0.37738837080226445,12
76,50,3,0.37738837080226445,14
78,50,3,0.37738837080226445,15
77,50,3,0.37738837080226445,2
79,50,3,0.37738837080226445,14
80,50,3,0.37738837080226445,16
81,50,3,0.37738837080226445,17
82,50,3,0.37738837080226445,4
83,50,3,0.37738837080226445,18
84,50,3,0.37738837080226445,14
85,50,3,0.37738837080226445,16
86,50,3,0.37738837080226445,16
87,50,3,0.37738837080226445,14
88,50,3,0.37738837080226445,10
89,50,3,0.37738837080226445,17
90,50,3,0.37738837080226445,15
91,50,3,0.37738837080226445,16
92,50,3,0.37738837080226445,16
93,50,3,0.37738837080226445,15
94,50,3,0.37738837080226445,12
95,50,3,0.37738837080226445,9
96,50,3,0.37738837080226445,14
97,50,3,0.37738837080226445,4
98,50,3,0.37738837080226445,14
99,50,3,0.37738837080226445,16
100,50,3,0.37738837080226445,9
101,50,3,0.37738837080226445,14
102,50,3,0.37738837080226445,16
103,50,3,0.37738837080226445,19
104,50,3,0.37738837080226445,14
105,50,3,0.37738837080226445,14
106,50,3,0.37738837080226445,2
107,50,3,0.37738837080226445,6
108,50,3,0.37738837080226445,20
109,50,3,0.37738837080226445,14
110,50,3,0.37738837080226445,16
111,50,3,0.37738837080226445,17
112,50,3,0.37738837080226445,3
113,50,3,0.37738837080226445,21
114,50,3,0.37738837080226445,3
714,1,1,0.37709500064870266,1
715,1,1,0.37417153933452024,1
716,6,1,0.3698522544421893,1
717,1,1,0.37027401118407666,1
718,3,1,0.37463334355746364,1
719,1,1,0.374988688560056,1
720,4,1,0.3681123261672315,1
721,1,1,0.3713552804406255,1
722,24,1,0.3732293131206214,1
115,50,3,0.37738837080226445,3
116,50,3,0.37738837080226445,10
117,50,3,0.37738837080226445,12
118,50,3,0.37738837080226445,12
119,50,3,0.37738837080226445,22
120,50,3,0.37738837080226445,22
121,50,3,0.37738837080226445,16
122,50,3,0.37738837080226445,16
123,50,3,0.37738837080226445,23
124,50,3,0.37738837080226445,9
125,50,3,0.37738837080226445,10
126,50,3,0.37738837080226445,10
127,50,3,0.37738837080226445,9
128,50,3,0.37738837080226445,3
723,28,1,0.4162237180266208,1
129,50,3,0.37738837080226445,9
130,50,3,0.37738837080226445,9
131,50,3,0.37738837080226445,10
132,50,3,0.37738837080226445,9
133,50,3,0.37738837080226445,24
134,50,3,0.37738837080226445,17
135,50,3,0.37738837080226445,9
136,50,3,0.37738837080226445,3
137,50,3,0.37738837080226445,20
138,50,3,0.37738837080226445,9
139,50,3,0.37738837080226445,9
140,50,3,0.37738837080226445,23
141,50,3,0.37738837080226445,23
142,50,3,0.37738837080226445,10
143,50,3,0.37738837080226445,9
145,50,3,0.37738837080226445,10
144,50,3,0.37738837080226445,16
146,50,3,0.37738837080226445,10
147,50,3,0.37738837080226445,9
148,50,3,0.37738837080226445,16
149,50,3,0.37738837080226445,23
150,50,3,0.37738837080226445,10
151,50,3,0.37738837080226445,12
152,50,3,0.37738837080226445,17
153,50,3,0.37738837080226445,12
154,50,3,0.37738837080226445,5
155,50,3,0.37738837080226445,8
156,50,3,0.37738837080226445,8
724,1,1,0.37647945271159317,1
157,50,3,0.37738837080226445,8
725,1,1,0.3770613562936503,1
726,6,1,0.37412534959060995,1
727,8,1,0.3789974437100624,1
158,50,3,0.37738837080226445,17
159,50,3,0.37738837080226445,17
160,50,3,0.37738837080226445,3
161,50,3,0.37738837080226445,7
162,50,3,0.37738837080226445,7
163,50,3,0.37738837080226445,7
164,50,3,0.37738837080226445,9
165,50,3,0.37738837080226445,10
166,50,3,0.37738837080226445,9
728,28,1,0.346052575558309,1
167,50,3,0.37738837080226445,9
168,50,3,0.37738837080226445,7
169,50,3,0.37738837080226445,9
170,50,3,0.37738837080226445,3
729,11,1,0.36339796117906537,1
730,2,1,0.3737150593457907,1
731,1,1,0.37100813936951205,1
171,50,3,0.37738837080226445,17
732,1,1,0.3768570677936448,1
733,40,1,0.3736535689650145,1
734,7,1,0.3766626630485228,1
172,50,3,0.37738837080226445,5
735,10,1,0.3750256212572393,1
173,50,3,0.37738837080226445,5
174,50,3,0.37738837080226445,3
736,29,1,0.36902644384392264,1
737,10,1,0.3749328272985428,1
738,1,1,0.3760692528978167,1
739,21,1,0.37689626121005715,1
740,9,1,0.3729048226668874,1
741,24,1,0.3633320814539501,1
742,21,1,0.37438572847062845,1
743,1,1,0.3744029066173645,1
744,33,1,0.3744771935306581,1
745,4,1,0.376254721907767,1
175,50,3,0.37738837080226445,3
746,22,1,0.09904571097843873,1
176,50,3,0.37738837080226445,3
177,50,3,0.37738837080226445,3
747,8,1,0.6806722918954056,1
748,17,1,0.3296410312442088,1
749,1,1,0.3754499107503925,1
750,2,1,0.37624571279328917,1
751,24,1,0.3560999789129587,1
178,50,3,0.37738837080226445,25
179,50,3,0.37738837080226445,8
180,50,3,0.37738837080226445,3
181,50,3,0.37738837080226445,26
182,50,3,0.37738837080226445,17
752,1,1,0.37701552386887893,1
183,50,3,0.37738837080226445,27
184,50,3,0.37738837080226445,3
185,50,3,0.37738837080226445,8
186,50,3,0.37738837080226445,8
753,12,1,0.46572741736766676,1
754,8,1,0.3777022402408665,1
187,50,3,0.37738837080226445,5
188,50,3,0.37738837080226445,8
189,50,3,0.37738837080226445,8
190,50,3,0.37738837080226445,8
755,1,1,0.3762480587712008,1
191,50,3,0.37738837080226445,3
756,1,1,0.3764860445150615,1
757,1,1,0.3735060855401391,1
192,50,3,0.37738837080226445,10
193,50,3,0.37738837080226445,10
194,50,3,0.37738837080226445,10
195,50,3,0.37738837080226445,10
196,50,3,0.37738837080226445,3
197,50,3,0.37738837080226445,7
198,50,3,0.37738837080226445,16
199,50,3,0.37738837080226445,9
200,50,3,0.37738837080226445,10
201,50,3,0.37738837080226445,2
202,50,3,0.37738837080226445,9
203,50,3,0.37738837080226445,2
204,50,3,0.37738837080226445,3
205,50,3,0.37738837080226445,28
206,50,3,0.37738837080226445,2
207,50,3,0.37738837080226445,7
208,50,3,0.37738837080226445,7
209,50,3,0.37738837080226445,10
210,50,3,0.37738837080226445,17
211,50,3,0.37738837080226445,9
212,50,3,0.37738837080226445,7
213,50,3,0.37738837080226445,10
758,8,1,0.38307129625151215,1
214,50,3,0.37738837080226445,9
215,50,3,0.37738837080226445,9
217,50,3,0.37738837080226445,9
216,50,3,0.37738837080226445,10
218,50,3,0.37738837080226445,9
219,50,3,0.37738837080226445,9
220,50,3,0.37738837080226445,10
221,50,3,0.37738837080226445,9
222,50,3,0.37738837080226445,9
223,50,3,0.37738837080226445,9
759,2,1,0.3755254017436417,1
760,24,1,0.376771825082792,1
224,50,3,0.37738837080226445,7
225,50,3,0.37738837080226445,29
761,1,1,0.3682666421092559,1
762,21,1,0.3742017156789777,1
763,2,1,0.3707817450551092,1
764,4,1,0.35796291977937705,1
226,50,3,0.37738837080226445,3
227,50,3,0.37738837080226445,10
228,50,3,0.37738837080226445,17
229,50,3,0.37738837080226445,17
230,50,3,0.37738837080226445,3
231,50,3,0.37738837080226445,10
232,50,3,0.37738837080226445,27
233,50,3,0.37738837080226445,10
234,50,3,0.37738837080226445,30
235,50,3,0.37738837080226445,17
236,50,3,0.37738837080226445,10
237,50,3,0.37738837080226445,9
238,50,3,0.37738837080226445,10
240,50,3,0.37738837080226445,9
239,50,3,0.37738837080226445,9
241,50,3,0.37738837080226445,9
242,50,3,0.37738837080226445,9
243,50,3,0.37738837080226445,31
244,50,3,0.37738837080226445,9
245,50,3,0.37738837080226445,9
246,50,3,0.37738837080226445,10
247,50,3,0.37738837080226445,9
248,50,3,0.37738837080226445,16
249,50,3,0.37738837080226445,31
250,50,3,0.37738837080226445,9
251,50,3,0.37738837080226445,9
252,50,3,0.37738837080226445,9
253,50,3,0.37738837080226445,17
254,50,3,0.37738837080226445,9
255,50,3,0.37738837080226445,9
256,50,3,0.37738837080226445,9
257,50,3,0.37738837080226445,9
258,50,3,0.37738837080226445,31
259,50,3,0.37738837080226445,9
261,50,3,0.37738837080226445,9
260,50,3,0.37738837080226445,31
262,50,3,0.37738837080226445,10
263,50,3,0.37738837080226445,9
264,50,3,0.37738837080226445,10
265,50,3,0.37738837080226445,3
765,1,1,0.3771093244484219,1
766,7,1,0.37523395209874555,1
266,50,3,0.37738837080226445,10
267,50,3,0.37738837080226445,5
268,50,3,0.37738837080226445,5
767,1,1,0.37120221359514094,1
768,1,1,0.3737996405061053,1
769,1,1,0.3711819302135047,1
770,1,1,0.37531212089669924,1
771,1,1,0.37389194087386846,1
772,11,1,0.36317181240966856,1
773,1,1,0.3728105388411312,1
269,50,3,0.37738837080226445,10
270,50,3,0.37738837080226445,6
271,50,3,0.37738837080226445,3
774,12,1,0.5137401310551181,1
272,50,3,0.37738837080226445,3
775,8,1,0.5405262319767783,1
273,50,3,0.37738837080226445,6
274,50,3,0.37738837080226445,3
275,50,3,0.37738837080226445,31
276,50,3,0.37738837080226445,5
776,11,1,0.35995993913219404,1
277,50,3,0.37738837080226445,10
278,50,3,0.37738837080226445,3
777,49,1,0.37481738113097146,1
778,1,1,0.3694255827077647,1
279,50,3,0.37738837080226445,3
280,50,3,0.37738837080226445,5
281,50,3,0.37738837080226445,3
779,1,1,0.3556094909408953,1
282,50,3,0.37738837080226445,32
283,50,3,0.37738837080226445,5
284,50,3,0.37738837080226445,24
285,50,3,0.37738837080226445,24
286,50,3,0.37738837080226445,5
287,50,3,0.37738837080226445,24
288,50,3,0.37738837080226445,8
289,50,3,0.37738837080226445,24
290,50,3,0.37738837080226445,3
291,50,3,0.37738837080226445,24
292,50,3,0.37738837080226445,24
293,50,3,0.37738837080226445,8
294,50,3,0.37738837080226445,24
295,50,3,0.37738837080226445,24
296,50,3,0.37738837080226445,8
297,50,3,0.37738837080226445,24
298,50,3,0.37738837080226445,24
299,50,3,0.37738837080226445,24
300,50,3,0.37738837080226445,24
301,50,3,0.37738837080226445,8
302,50,3,0.37738837080226445,24
303,50,3,0.37738837080226445,24
780,1,1,0.37660470550335984,1
304,50,3,0.37738837080226445,3
305,50,3,0.37738837080226445,3
306,50,3,0.37738837080226445,5
781,1,1,0.3724483617761028,1
782,10,1,0.3735004375502876,1
307,50,3,0.37738837080226445,24
308,50,3,0.37738837080226445,24
309,50,3,0.37738837080226445,8
310,50,3,0.37738837080226445,24
311,50,3,0.37738837080226445,8
313,50,3,0.37738837080226445,8
314,50,3,0.37738837080226445,24
312,50,3,0.37738837080226445,24
315,50,3,0.37738837080226445,8
316,50,3,0.37738837080226445,24
317,50,3,0.37738837080226445,5
318,50,3,0.37738837080226445,3
319,50,3,0.37738837080226445,3
783,40,1,0.3743926898989056,1
784,1,1,0.3768962460340117,1
785,1,1,0.371589724538809,1
786,1,1,0.3767504921099333,1
320,50,3,0.37738837080226445,3
787,1,1,0.3744038808399115,1
788,4,1,0.3551793470182004,1
321,50,3,0.37738837080226445,3
789,40,1,0.3762151239104859,1
790,53,1,0.3377397748802643,1
791,8,1,0.3980446007075887,1
322,50,3,0.37738837080226445,3
323,50,3,0.37738837080226445,26
792,1,1,0.3769384725564787,1
793,42,1,0.3678085642591354,1
794,2,1,0.36812400774353643,1
795,1,1,0.3767269529265633,1
796,1,1,0.3749162766557111,1
324,50,3,0.37738837080226445,5
797,10,1,0.37270687474143205,1
798,2,1,0.376671792775617,1
325,50,3,0.37738837080226445,10
799,1,1,0.3678174147924635,1
800,1,1,0.3767900064968662,1
326,50,3,0.37738837080226445,17
327,50,3,0.37738837080226445,3
328,50,3,0.37738837080226445,10
329,50,3,0.37738837080226445,8
330,50,3,0.37738837080226445,24
801,8,1,0.3751226497305073,1
331,50,3,0.37738837080226445,5
332,50,3,0.37738837080226445,5
802,11,1,0.3617005512954649,1
803,1,1,0.377035477384672,1
333,50,3,0.37738837080226445,5
334,50,3,0.37738837080226445,5
804,40,1,0.37667308700241964,1
805,1,1,0.37657345234174056,1
335,50,3,0.37738837080226445,5
336,50,3,0.37738837080226445,10
337,50,3,0.37738837080226445,32
338,50,3,0.37738837080226445,32
339,50,3,0.37738837080226445,32
340,50,3,0.37738837080226445,10
341,50,3,0.37738837080226445,32
342,50,3,0.37738837080226445,32
343,50,3,0.37738837080226445,32
344,50,3,0.37738837080226445,32
345,50,3,0.37738837080226445,7
346,50,3,0.37738837080226445,32
347,50,3,0.37738837080226445,2
348,50,3,0.37738837080226445,32
349,50,3,0.37738837080226445,32
350,50,3,0.37738837080226445,32
351,50,3,0.37738837080226445,10
352,50,3,0.37738837080226445,32
353,50,3,0.37738837080226445,32
354,50,3,0.37738837080226445,32
355,50,3,0.37738837080226445,32
356,50,3,0.37738837080226445,32
357,50,3,0.37738837080226445,2
806,24,1,0.3709531559313954,1
807,54,1,0.37702033561315146,1
358,50,3,0.37738837080226445,3
359,50,3,0.37738837080226445,9
360,50,3,0.37738837080226445,3
361,50,3,0.37738837080226445,7
362,50,3,0.37738837080226445,9
363,50,3,0.37738837080226445,12
808,2,1,0.3756527671887252,1
809,38,1,0.3762414478129485,1
810,1,1,0.37692423105980777,1
364,50,3,0.37738837080226445,9
365,50,3,0.37738837080226445,9
366,50,3,0.37738837080226445,10
367,50,3,0.37738837080226445,9
368,50,3,0.37738837080226445,9
811,1,1,0.3724705936028331,1
812,8,1,0.37658553963569663,1
369,50,3,0.37738837080226445,5
370,50,3,0.37738837080226445,3
371,50,3,0.37738837080226445,3
813,2,1,0.37630131350426815,1
372,50,3,0.37738837080226445,10
373,50,3,0.37738837080226445,17
374,50,3,0.37738837080226445,10
375,50,3,0.37738837080226445,3
376,50,3,0.37738837080226445,17
377,50,3,0.37738837080226445,17
378,50,3,0.37738837080226445,12
379,50,3,0.37738837080226445,17
380,50,3,0.37738837080226445,9
381,50,3,0.37738837080226445,16
382,50,3,0.37738837080226445,10
383,50,3,0.37738837080226445,33
384,50,3,0.37738837080226445,33
385,50,3,0.37738837080226445,10
386,50,3,0.37738837080226445,12
387,50,3,0.37738837080226445,10
814,1,1,0.37679629733718484,1
388,50,3,0.37738837080226445,3
389,50,3,0.37738837080226445,24
390,50,3,0.37738837080226445,3
391,50,3,0.37738837080226445,34
815,1,1,0.37204937160340323,1
816,1,1,0.37597157907316026,1
817,1,1,0.3719450977336058,1
818,1,1,0.376999119700464,1
819,1,1,0.3721492943247514,1
820,1,1,0.37387859141037444,1
392,50,3,0.37738837080226445,10
393,50,3,0.37738837080226445,9
394,50,3,0.37738837080226445,7
395,50,3,0.37738837080226445,3
396,50,3,0.37738837080226445,3
397,50,3,0.37738837080226445,3
398,50,3,0.37738837080226445,10
399,50,3,0.37738837080226445,24
400,50,3,0.37738837080226445,9
401,50,3,0.37738837080226445,10
402,50,3,0.37738837080226445,10
403,50,3,0.37738837080226445,10
404,50,3,0.37738837080226445,31
405,50,3,0.37738837080226445,10
406,50,3,0.37738837080226445,10
407,50,3,0.37738837080226445,9
408,50,3,0.37738837080226445,9
409,50,3,0.37738837080226445,10
410,50,3,0.37738837080226445,10
411,50,3,0.37738837080226445,3
412,50,3,0.37738837080226445,10
413,50,3,0.37738837080226445,27
414,50,3,0.37738837080226445,31
415,50,3,0.37738837080226445,12
416,50,3,0.37738837080226445,9
417,50,3,0.37738837080226445,10
418,50,3,0.37738837080226445,9
419,50,3,0.37738837080226445,31
420,50,3,0.37738837080226445,31
422,50,3,0.37738837080226445,5
421,50,3,0.37738837080226445,22
423,50,3,0.37738837080226445,10
424,50,3,0.37738837080226445,12
425,50,3,0.37738837080226445,27
426,50,3,0.37738837080226445,22
427,50,3,0.37738837080226445,3
428,50,3,0.37738837080226445,17
429,50,3,0.37738837080226445,10
430,50,3,0.37738837080226445,12
431,50,3,0.37738837080226445,12
432,50,3,0.37738837080226445,9
433,50,3,0.37738837080226445,10
434,50,3,0.37738837080226445,12
821,1,1,0.3760520672483166,1
435,50,3,0.37738837080226445,9
436,50,3,0.37738837080226445,34
437,50,3,0.37738837080226445,23
822,9,1,0.372153429029825,1
823,5,1,0.37289676469827315,1
824,2,1,0.37660439879945884,1
825,28,1,0.325825007211384,1
438,50,3,0.37738837080226445,3
826,12,1,0.39172075732133,1
827,8,1,0.44782756474996344,1
828,8,1,0.37534203509912717,1
829,8,1,0.9155462538984545,1
830,8,1,0.3930849971899466,1
831,12,1,0.4043532685030494,1
832,8,1,0.3794966370483369,1
439,50,3,0.37738837080226445,12
440,50,3,0.37738837080226445,24
833,6,1,0.3766084066964518,1
441,50,3,0.37738837080226445,5
442,50,3,0.37738837080226445,8
834,1,1,0.3759612362855293,1
443,50,3,0.37738837080226445,8
835,40,1,0.3740473153876966,1
836,1,1,0.37465834845126655,1
837,2,1,0.3761244460722927,1
838,8,1,0.378181438315013,1
444,50,3,0.37738837080226445,17
445,50,3,0.37738837080226445,35
446,50,3,0.37738837080226445,31
447,50,3,0.37738837080226445,17
448,50,3,0.37738837080226445,10
449,50,3,0.37738837080226445,36
450,50,3,0.37738837080226445,9
451,50,3,0.37738837080226445,10
452,50,3,0.37738837080226445,10
839,1,1,0.37620047237639054,1
453,50,3,0.37738837080226445,10
454,50,3,0.37738837080226445,13
840,5,1,0.3733398161034512,1
455,50,3,0.37738837080226445,9
841,26,1,0.37635788104870843,1
456,50,3,0.37738837080226445,9
457,50,3,0.37738837080226445,35
458,50,3,0.37738837080226445,3
459,50,3,0.37738837080226445,3
460,50,3,0.37738837080226445,35
461,50,3,0.37738837080226445,9
842,1,1,0.3767400567882121,1
843,1,1,0.3763907580471974,1
462,50,3,0.37738837080226445,10
844,26,1,0.37575243367931244,1
845,26,1,0.3747860732332779,1
846,22,1,0.3705171175644171,1
463,50,3,0.37738837080226445,3
847,1,1,0.37662227720417496,1
848,1,1,0.37049499304994865,1
464,50,3,0.37738837080226445,12
465,50,3,0.37738837080226445,10
466,50,3,0.37738837080226445,3
467,50,3,0.37738837080226445,17
468,50,3,0.37738837080226445,9
469,50,3,0.37738837080226445,24
470,50,3,0.37738837080226445,10
471,50,3,0.37738837080226445,17
472,50,3,0.37738837080226445,11
849,8,1,0.38075272093513957,1
850,7,1,0.37347185429273494,1
851,4,1,0.3453096254864629,1
852,1,1,0.3752341644497045,1
473,50,3,0.37738837080226445,5
853,1,1,0.37418644437109866,1
474,50,3,0.37738837080226445,5
475,50,3,0.37738837080226445,10
476,50,3,0.37738837080226445,10
477,50,3,0.37738837080226445,10
478,50,3,0.37738837080226445,3
479,50,3,0.37738837080226445,10
480,50,3,0.37738837080226445,10
481,50,3,0.37738837080226445,5
482,50,3,0.37738837080226445,12
854,6,1,0.3768395546371251,1
855,1,1,0.37642420070862614,1
483,50,3,0.37738837080226445,10
484,50,3,0.37738837080226445,37
485,50,3,0.37738837080226445,10
486,50,3,0.37738837080226445,9
487,50,3,0.37738837080226445,9
488,50,3,0.37738837080226445,9
489,50,3,0.37738837080226445,10
490,50,3,0.37738837080226445,10
856,12,1,0.41577526190303243,1
491,50,3,0.37738837080226445,31
492,50,3,0.37738837080226445,10
857,2,1,0.3720483334936833,1
858,1,1,0.37592462313788855,1
859,1,1,0.3766845221811317,1
860,1,1,0.37704033559492656,1
861,1,1,0.3681579838969621,1
862,22,1,0.33042461810512536,1
863,1,1,0.3744501769866577,1
493,50,3,0.37738837080226445,5
494,50,3,0.37738837080226445,3
495,50,3,0.37738837080226445,23
864,11,1,0.361886103290533,1
865,1,1,0.3688777399694247,1
866,1,1,0.3707869187793286,1
867,2,1,0.3759030109712637,1
868,26,1,0.37157068388773107,1
869,1,1,0.37504215098327426,1
870,1,1,0.3714555532909637,1
496,50,3,0.37738837080226445,3
497,50,3,0.37738837080226445,5
498,50,3,0.37738837080226445,13
499,50,3,0.37738837080226445,9
500,50,3,0.37738837080226445,13
501,50,3,0.37738837080226445,38
502,50,3,0.37738837080226445,23
503,50,3,0.37738837080226445,24
504,50,3,0.37738837080226445,17
505,50,3,0.37738837080226445,13
506,50,3,0.37738837080226445,17
507,50,3,0.37738837080226445,9
508,50,3,0.37738837080226445,11
871,7,1,0.37167458307403783,1
509,50,3,0.37738837080226445,8
872,24,1,0.37462237633524104,1
510,50,3,0.37738837080226445,17
511,50,3,0.37738837080226445,17
512,50,3,0.37738837080226445,17
873,22,1,0.3742502424202185,1
513,50,3,0.37738837080226445,17
514,50,3,0.37738837080226445,17
515,50,3,0.37738837080226445,17
516,50,3,0.37738837080226445,17
874,8,1,0.3794891767999271,1
875,12,1,0.38415477177541135,1
876,22,1,0.40143263979491967,1
877,22,1,0.316798663658955,1
878,22,1,0.3171604769536041,1
879,22,1,0.32507793562114057,1
880,22,1,0.31678614632020363,1
881,22,1,0.33806544758773094,1
882,22,1,0.3183600352432384,1
883,22,1,0.32557777794850734,1
884,22,1,0.3179703243982016,1
885,22,1,0.32495016491311884,1
886,22,1,0.3265369131190615,1
887,22,1,0.3247244781321037,1
888,22,1,0.32619114937354665,1
889,22,1,0.31834173759316015,1
890,22,1,0.3181935557291565,1
891,22,1,0.3168336183547009,1
892,8,1,0.38156787010565874,1
893,22,1,0.31853252788169,1
894,22,1,0.317264180613332,1
895,22,1,0.32498631641341263,1
896,22,1,0.3268098463969388,1
897,22,1,0.32503055089153426,1
898,22,1,0.31657386811536914,1
517,50,3,0.37738837080226445,3
899,22,1,0.3370088474194537,1
518,50,3,0.37738837080226445,23
900,22,1,0.3270635216709365,1
901,22,1,0.325769099341791,1
519,50,3,0.37738837080226445,17
902,22,1,0.33615251375808675,1
903,8,1,0.377402063032306,1
520,50,3,0.37738837080226445,10
522,50,3,0.37738837080226445,10
521,50,3,0.37738837080226445,10
523,50,3,0.37738837080226445,23
524,50,3,0.37738837080226445,10
525,50,3,0.37738837080226445,9
526,50,3,0.37738837080226445,10
527,50,3,0.37738837080226445,10
528,50,3,0.37738837080226445,10
529,50,3,0.37738837080226445,10
530,50,3,0.37738837080226445,10
904,1,1,0.3770343072092527,1
531,50,3,0.37738837080226445,13
532,50,3,0.37738837080226445,13
533,50,3,0.37738837080226445,24
534,50,3,0.37738837080226445,24
535,50,3,0.37738837080226445,24
536,50,3,0.37738837080226445,24
537,50,3,0.37738837080226445,24
538,50,3,0.37738837080226445,8
539,50,3,0.37738837080226445,24
540,50,3,0.37738837080226445,24
541,50,3,0.37738837080226445,8
542,50,3,0.37738837080226445,24
543,50,3,0.37738837080226445,8
544,50,3,0.37738837080226445,24
545,50,3,0.37738837080226445,24
546,50,3,0.37738837080226445,24
547,50,3,0.37738837080226445,24
548,50,3,0.37738837080226445,24
549,50,3,0.37738837080226445,24
550,50,3,0.37738837080226445,8
551,50,3,0.37738837080226445,8
552,50,3,0.37738837080226445,24
553,50,3,0.37738837080226445,8
554,50,3,0.37738837080226445,7
905,22,1,0.32869950619771604,1
555,50,3,0.37738837080226445,10
556,50,3,0.37738837080226445,5
557,50,3,0.37738837080226445,39
906,24,1,0.34837490202936144,1
907,39,1,0.36129130234335644,1
908,1,1,0.37314028032029023,1
558,50,3,0.37738837080226445,13
559,50,3,0.37738837080226445,10
909,8,1,0.4014026451082953,1
910,8,1,0.379079991507635,1
911,12,1,0.4097304276694111,1
912,1,1,0.37694453575611464,1
913,24,1,0.3536303072497749,1
914,1,1,0.3695984072866874,1
915,1,1,0.3707658437424045,1
916,1,1,0.37387744098654996,1
917,22,1,0.3225914959623234,1
918,1,1,0.3732034372241166,1
919,1,1,0.37672499879755705,1
920,1,1,0.3742378467171877,1
921,1,1,0.37100728087141693,1
922,22,1,0.3230213306801959,1
923,1,1,0.3754087287604661,1
924,1,1,0.3747026684154273,1
925,2,1,0.3673700763533655,1
926,1,1,0.3743142771474413,1
927,1,1,0.37436405480407386,1
928,24,1,0.3764232707069159,1
929,10,1,0.3756354271641704,1
930,6,1,0.37634813416243007,1
560,50,3,0.37738837080226445,38
931,1,1,0.37327699705136463,1
932,2,1,0.3731992438610693,1
933,1,1,0.37559213757960896,1
934,1,1,0.37673069959095257,1
935,1,1,0.37682001732580117,1
936,1,1,0.3744605844572092,1
561,50,3,0.37738837080226445,24
937,6,1,0.3745806461888243,1
938,1,1,0.37283658070787157,1
939,1,1,0.3761566103081947,1
940,1,1,0.37592649723741134,1
941,8,1,0.3836899237038192,1
942,10,1,0.375668701695477,1
943,21,1,0.3767454623023701,1
944,55,1,0.3739611393216253,1
945,9,1,0.3721574405076826,1
946,1,1,0.3702190491174698,1
947,22,1,0.0,1
948,8,1,0.6654539144253755,1
949,8,1,0.40328036960292807,1
950,8,1,0.38631041774924735,1
951,12,1,0.3792888354927325,1
952,1,1,0.37699973978686285,1
953,2,1,0.37586436002742946,1
954,28,1,0.3545519831655217,1
955,2,1,0.22460945321063155,1
956,22,1,0.3734639422869854,1
957,22,1,0.3241414378812896,1
958,1,1,0.3770479325698437,1
959,1,1,0.3731322541815842,1
960,56,1,0.3718537668139035,1
961,28,1,0.3759783657779771,1
962,1,1,0.3689173054547281,1
963,20,1,0.374176847199067,1
964,1,1,0.37654724569838616,1
965,2,1,0.373808489902651,1
966,1,1,0.37425193076949137,1
967,1,1,0.3715151175075816,1
968,56,1,0.3767146071851205,1
969,1,1,0.376356782462163,1
970,1,1,0.3765713093363327,1
971,1,1,0.37517675102545417,1
973,7,1,0.3741639428995747,1
972,1,1,0.3770387144863347,1
974,11,1,0.3604818477707686,1
975,1,1,0.3754960434278246,1
976,17,1,0.3391982576504694,1
977,8,1,0.37578028473529856,1
978,8,1,0.3761677448647918,1
979,8,1,0.37659639596479266,1
980,1,1,0.3758920312444343,1
981,1,1,0.372789956258358,1
982,6,1,0.375929164356361,1
983,1,1,0.3720784818732929,1
984,2,1,0.37640919722668886,1
985,52,1,0.18504271653708293,1
986,8,1,0.6745617061657275,1
987,8,1,0.38417052394226053,1
988,8,1,0.6146771715403749,1
989,12,1,0.3785533397580275,1
990,12,1,0.4580741833151274,1
991,6,1,0.37243448302670695,1
992,6,1,0.3765167570229546,1
993,5,1,0.37391880372488356,1
994,1,1,0.36799627795968237,1
995,1,1,0.37299696479453553,1
996,1,1,0.3729042383607157,1
997,1,1,0.37150633154349577,1
998,1,1,0.3771500438105265,1
999,2,1,0.37625397674688066,1
1000,2,1,0.37643271270814505,1
1001,24,1,0.3302986626112963,1
1002,2,1,0.3758592902051246,1
1003,2,1,0.37167271511314015,1
1004,22,1,0.35840777821391423,1
1005,21,1,0.3684766994959249,1
1006,1,1,0.3769920091547509,1
1007,1,1,0.37711939329990546,1
1008,1,1,0.3695314717180462,1
1009,6,1,0.3760056042219089,1
1010,21,1,0.37565349370637957,1
1011,21,1,0.37523114219992204,1
1012,21,1,0.37016508696469297,1
1013,8,1,0.3780090474185894,1
1014,2,1,0.3711073199992864,1
1015,1,1,0.3713193999492642,1
1016,4,1,0.35705681323586386,1
1017,7,1,0.3739892180751332,1
1018,12,1,0.5640147253085471,1
1019,8,1,0.37803323610260375,1
1020,2,1,0.37640818060215697,1
1021,1,1,0.37555013972092877,1
1022,6,1,0.37410686755442063,1
1023,7,1,0.37514727630311573,1
1024,2,1,0.3753582751729976,1
1025,19,1,0.37595479436682505,1
1026,22,1,0.3637265949774195,1
1027,8,1,0.3843570462948154,1
1028,11,1,0.36785063885062996,1
1029,21,1,0.3690138201023353,1
1030,32,1,0.3736828254251254,1
1031,11,1,0.3661898306331677,1
1032,11,1,0.373711040365169,1
1033,11,1,0.36763862619817234,1
1034,11,1,0.37699726970072883,1
1035,11,1,0.36615147650322727,1
1036,9,1,0.37294527256892546,1
1037,8,1,0.3937276157534808,1
1038,32,1,0.3724850916712997,1
1039,32,1,0.36892747465568115,1
1040,1,1,0.37596206249900327,1
1041,29,1,0.3746436005180207,1
1042,2,1,0.37295197731172874,1
1043,21,1,0.3747214332830865,1
1044,21,1,0.370446595674549,1
1045,32,1,0.3724961616586544,1
1046,30,1,0.3768469978337983,1
1047,52,1,0.3648882074693641,1
1048,24,1,0.350807305417187,1
1049,25,1,0.37597560078205977,1
1050,32,1,0.36849842477240197,1
1051,1,1,0.34216003242620063,1
1052,57,1,0.3691357304695467,1
1053,8,1,0.6616681706389228,1
1054,12,1,0.37838902774701494,1
1055,21,1,0.3765594333133922,1
1056,21,1,0.37359936808792626,1
1057,1,1,0.37143640305405895,1
1058,22,1,0.35780722423818917,1
1059,22,1,0.3243774666541879,1
1060,7,1,0.37487325080467465,1
1061,21,1,0.37652423159482307,1
1062,24,1,0.374954270198263,1
1063,1,1,0.3753217455788658,1
1064,21,1,0.374984815542299,1
1065,24,1,0.3623948561733405,1
1066,24,1,0.3619660818461236,1
1067,21,1,0.3756688017323313,1
1068,21,1,0.3742335133025444,1
1069,4,1,0.37400945825903686,1
1070,1,1,0.3683619499486298,1
1071,1,1,0.36859723935823224,1
1072,21,1,0.37600735054708595,1
1073,1,1,0.3610894807180746,1
1074,21,1,0.3767925277097903,1
1075,1,1,0.34161838196914207,1
1076,21,1,0.3706660365181518,1
1077,30,1,0.37687048086011604,1
1078,54,1,0.3769200369294324,1
1079,54,1,0.3769688640370121,1
1080,54,1,0.3769714061951525,1
1081,54,1,0.37698076651856377,1
1082,54,1,0.37579059682980376,1
1083,54,1,0.3769875273047411,1
1084,54,1,0.375509306268497,1
1085,7,1,0.37384361147805845,1
1086,1,1,0.3720089176089484,1
1087,21,1,0.372470805953792,1
1088,1,1,0.3610943461468976,1
1089,25,1,0.3102129610745905,1
1090,1,1,0.3765990792260529,1
1091,21,1,0.37501374710998986,1
1092,21,1,0.3748635615532658,1
1093,58,1,0.3560645203952374,1
1094,21,1,0.3765783692668079,1
1095,1,1,0.37105125298015246,1
1096,7,1,0.37267680866487074,1
1097,1,1,0.3747994452050641,1
1098,21,1,0.3735669793374933,1
1099,54,1,0.37698101979369036,1
1100,54,1,0.3769752827369351,1
1101,54,1,0.37656918599726097,1
1102,54,1,0.3769020548785777,1
1103,54,1,0.3769115208659163,1
1104,25,1,0.3763003846393403,1
1105,12,1,0.412042242995354,1
1106,8,1,0.4177288725364888,1
1107,1,1,0.3767421616545693,1
1108,11,1,0.36805681935448165,1
1109,21,1,0.37454618849435906,1
1110,11,1,0.3676699040848096,1
1111,11,1,0.36719076483915414,1
1112,11,1,0.3665817022742575,1
1113,1,1,0.37136509405603274,1
1114,1,1,0.3749556138751015,1
1115,20,1,0.37179770570603815,1
1116,7,1,0.37471064521777564,1
1117,1,1,0.36768991782165217,1
1118,46,1,0.3756026660038116,1
1119,17,1,0.3564880600666963,1
1120,17,1,0.3344925604010158,1
1121,22,1,0.2162524689823183,1
1122,8,1,0.40371747790953444,1
1123,11,1,0.36184392957161005,1
1124,1,1,0.37283225957047855,1
1125,21,1,0.37633669699434874,1
1126,1,1,0.3718723623009798,1
1127,7,1,0.3484269703026011,1
1128,1,1,0.3702121488480876,1
1129,1,1,0.3755430260774835,1
1130,1,1,0.37076343103536386,1
1131,1,1,0.37570895163748474,1
1132,1,1,0.3754485234211085,1
1133,1,1,0.3766356580997033,1
1134,30,1,0.3756173727855333,1
1135,19,1,0.37661160975148056,1
1136,1,1,0.3768207578258795,1
1137,1,1,0.3765029217554869,1
1138,7,1,0.36967367410644025,1
1139,46,1,0.37617491330115044,1
1140,1,1,0.37141593142125146,1
1141,1,1,0.37528356878698527,1
1142,1,1,0.3728994565990799,1
1143,1,1,0.37714003059033335,1
1144,42,1,0.375416292683434,1
1145,1,1,0.37370804539816505,1
1146,1,1,0.37590683317484586,1
1147,1,1,0.3761093942771018,1
1148,7,1,0.3691175328563227,1
1149,1,1,0.3748901349794729,1
1150,1,1,0.3755620646823531,1
1151,59,1,0.373332968580774,1
1152,11,1,0.36185348763832587,1
1153,21,1,0.3763533294855158,1
1154,21,1,0.37532394343402614,1
1155,1,1,0.3763577271283667,1
1156,21,1,0.37467588809481694,1
1157,21,1,0.3740026300616611,1
1158,52,1,0.27839790926903224,1
1159,42,1,0.37490567866042346,1
1160,42,1,0.37580161441148824,1
1161,1,1,0.3767146320238167,1
1162,42,1,0.3751138799087321,1
1163,52,1,0.34022736405348,1
1164,21,1,0.37086451372950896,1
1165,21,1,0.3742945562457541,1
1166,10,1,0.37699368514151477,1
1167,24,1,0.37337161054402707,1
1168,1,1,0.37661770762298075,1
1169,11,1,0.3631729273658811,1
1170,1,1,0.37559948233092333,1
1171,60,1,0.36414821485070165,1
1172,8,1,0.3784890541429212,1
1173,1,1,0.3757429272225192,1
1174,4,1,0.36569011926313744,1
1175,7,1,0.372531264136117,1
1176,28,1,0.18802302905134274,1
1177,28,1,0.3706605613192305,1
1178,1,1,0.3549274742264321,1
1179,12,1,0.4673621359735264,1
1180,12,1,0.42905480873011664,1
1181,12,1,0.4336665222643769,1
1182,16,1,0.5466289602662636,1
1183,8,1,0.48542906105102984,1
1184,10,1,0.3626865499991037,1
1185,21,1,0.3747581504463201,1
1186,29,1,0.37079293099427235,1
1187,21,1,0.37167678706782337,1
1188,22,1,0.3883474181950261,1
1189,32,1,0.3746252101064957,1
1190,16,1,0.44189230906769555,1
1191,10,1,0.3219754617381077,1
1192,1,1,0.3750273643994256,1
1193,11,1,0.3635760722510251,1
1194,1,1,0.3727599893092251,1
1195,1,1,0.36574388634404836,1
1196,1,1,0.3741264820532719,1
1197,1,1,0.3754071547715062,1
1198,1,1,0.3743000685037828,1
1199,46,1,0.3728737471275236,1
1200,1,1,0.3719014261901461,1
1201,7,1,0.37458916819202864,1
1202,44,1,0.3735221687380334,1
1203,16,1,0.38513014656512295,1
1204,11,1,0.3688375533461986,1
1205,21,1,0.37603165450083925,1
1206,21,1,0.37177696170015917,1
1207,1,1,0.37101315894603326,1
1208,6,1,0.3762903541258444,1
1209,6,1,0.37693684349040985,1
1210,1,1,0.3770091036627192,1
1211,11,1,0.36419925092549005,1
1212,18,1,0.37658896976301687,1
1213,1,1,0.376261207592595,1
1214,1,1,0.3763282901472051,1
1215,42,1,0.3756982582661508,1
1216,1,1,0.3658588496064412,1
1217,1,1,0.37557945779464763,1
1218,1,1,0.36186623779012,1
1219,1,1,0.37732456409228343,1
1220,1,1,0.37710821540347805,1
1221,1,1,0.3771151096763328,1
1222,1,1,0.3668188150828861,1
1223,1,1,0.37732389991293586,1
1224,40,1,0.36818883890053344,1
1225,1,1,0.3753957583002361,1
1226,1,1,0.3665207998373568,1
1227,1,1,0.36965883591266907,1
1228,1,1,0.3683633568305717,1
1229,8,1,0.3751191448029028,1
1230,16,1,0.5245111973761039,1
1231,39,1,0.3766180572404187,1
1232,39,1,0.37665094123011966,1
1233,39,1,0.37657200584293077,1
1234,61,1,0.376090360674075,1
1235,39,1,0.37643392736017717,1
1236,11,1,0.36990396394689234,1
1237,39,1,0.3767370423822285,1
1238,11,1,0.36593611443500235,1
1239,61,1,0.3758081897884504,1
1240,11,1,0.3757659852627234,1
1241,39,1,0.3757742492163149,1
1242,61,1,0.3754314414461665,1
1243,61,1,0.3768353127334678,1
1244,61,1,0.37572278855328695,1
1245,61,1,0.37612954499622786,1
1246,21,1,0.37519674520963886,1
1247,11,1,0.3652046240395298,1
1248,11,1,0.36861471124954953,1
1249,39,1,0.37664362364790555,1
1250,8,1,0.37540841591793994,1
1251,8,1,0.3757033118324668,1
1252,17,1,0.3508723111839661,1
1253,62,1,0.24225688556214572,1
1254,9,1,0.3729081479828671,1
1255,17,1,0.3414153799089794,1
1256,1,1,0.368416889279588,1
1257,12,1,0.6149459687490397,1
1258,25,1,0.351533623907292,1
1259,21,1,0.3728769037449899,1
1260,24,1,0.3693073918926816,1
1261,1,1,0.3662139895334823,1
1262,1,1,0.376171912536556,1
1263,8,1,0.45858353460020884,1
1264,21,1,0.37605339853422654,1
1265,1,1,0.3755031841266918,1
1266,32,1,0.3657237925777223,1
1267,11,1,0.3589081352763677,1
1268,20,1,0.3762401917820357,1
1269,21,1,0.3758621255678747,1
1270,21,1,0.37395063999905304,1
1271,52,1,0.371515022017857,1
1272,1,1,0.37479103005940867,1
1273,21,1,0.3758252119686363,1
1274,10,1,0.37589870938652864,1
1275,1,1,0.37466922973273703,1
1276,1,1,0.37492177618177647,1
1277,1,1,0.3748565580640385,1
1278,60,1,0.31182361263215636,1
1279,21,1,0.3771182453485828,1
1280,8,1,0.40100650825950834,1
1281,8,1,0.43200083588612836,1
1282,12,1,0.47560831574430795,1
1283,11,1,0.3700529270077855,1
1284,11,1,0.37154286545740084,1
1285,1,1,0.3753195579547473,1
1286,4,1,0.3734788527801195,1
1287,21,1,0.3731540708553691,1
1288,21,1,0.37465810586189485,1
1289,21,1,0.37581343297007663,1
1290,1,1,0.3760337420881034,1
1291,11,1,0.36906623122915744,1
1292,1,1,0.3644418357500491,1
1293,1,1,0.3687242606992726,1
1294,1,1,0.3693770830219459,1
1295,37,1,0.3519564433133999,1
1296,7,1,0.3731638981121656,1
1297,12,1,0.5056497614131938,1
1298,12,1,0.4844521338712246,1
1299,12,1,0.3774301255067342,1
1300,1,1,0.3689769101408007,1
1301,2,1,0.37341190038709826,1
1302,8,1,0.3856435720784524,1
1303,8,1,0.38258303819187384,1
1304,1,1,0.36779528845914317,1
1305,32,1,0.3424131220298876,1
1306,8,1,0.4656134044553898,1
1307,24,1,0.37330168751114595,1
1308,24,1,0.3818103230634553,1
1309,1,1,0.37546103393916525,1
1310,4,1,0.37213999453500485,1
1311,1,1,0.3755847287137653,1
1312,24,1,0.3703713856939179,1
1313,45,1,0.35797661027760164,1
1314,24,1,0.3584965745634988,1
1315,16,1,0.3842674337354422,1
1316,12,1,0.5417147134583633,1
1317,12,1,0.388961622654234,1
1318,8,1,0.6160316487214373,1
1319,8,1,0.45211653392831036,1
1320,12,1,0.4745325085000042,1
1321,1,1,0.3678553942389132,1
1322,24,1,0.358720187853352,1
1323,1,1,0.3702114704163303,1
1324,1,1,0.3756925751497221,1
1325,17,1,0.3344297336188087,1
1326,4,1,0.3674366217782749,1
1327,1,1,0.367028767885571,1
1328,2,1,0.3765011150103234,1
1329,63,1,0.37720929691821137,1
1330,24,1,0.38153637577564575,1
1331,3,1,0.3362880655145215,1
1332,8,1,0.37789114597147516,1
1333,2,1,0.3662481384778381,1
1334,2,1,0.37736214916403926,1
1335,64,1,0.3758663545122122,1
1336,2,1,0.3772939481185338,1
1337,37,1,0.2649767902857361,1
1338,7,1,0.37226331496714893,1
1339,1,1,0.36960753792320755,1
1340,1,1,0.3610521451451962,1
1341,2,1,0.37584199144577224,1
1342,1,1,0.36871765917631444,1
1343,1,1,0.37404085118805663,1
1344,2,1,0.3752576287759511,1
1345,12,1,0.5348616141812943,1
1346,1,1,0.36887750715638196,1
1347,1,1,0.3739498192421348,1
1348,1,1,0.3753912050318698,1
1349,1,1,0.3763516503441806,1
1350,1,1,0.37474138540632107,1
1351,4,1,0.307357756469176,1
1352,63,1,0.377232950291377,1
1353,16,1,0.431530284349702,1
1354,1,1,0.3736386380097966,1
1355,64,1,0.36209161536631274,1
1356,8,1,0.38481266096475514,1
1357,8,1,1.0,1
1358,12,1,0.40292778516280153,1
1359,8,1,0.39472702576157803,1
1360,1,1,0.37619968026638967,1
1361,2,1,0.3764225037198068,1
1362,8,1,0.3788483226364107,1
1363,8,1,0.3785825529067276,1
1364,8,1,0.3782081767451906,1
1365,4,1,0.3708613848495341,1
1366,2,1,0.3765088856571771,1
1367,43,1,0.37560715106523174,1
1368,2,1,0.37380921471513173,1
1369,1,1,0.3724667217218585,1
1370,56,1,0.37567735954418235,1
1371,22,1,0.36920960404874686,1
1372,37,1,0.37586057579238064,1
1373,22,1,0.3733251388780728,1
1374,1,1,0.37459935057965793,1
1375,4,1,0.3770534083371562,1
1376,1,1,0.3763536166367589,1
1377,2,1,0.3761242923793074,1
1378,2,1,0.37555261324582967,1
1379,40,1,0.3760050324203439,1
1380,1,1,0.3735621143633832,1
1381,31,1,0.3722606771771861,1
1382,1,1,0.36775978537955045,1
1383,2,1,0.36413642232443105,1
